t_min,cov,c_min,c_max,ek,superficie (tapa),llave de la casa (pozo),sonda ORP
0,17.2668,0,605.95,0,0.216701,1.11252e-08,1.39307e-17
0.166667,8.98672,1.00304e-23,216.08,2.01646e-05,7.21323,0.0595656,0.000412843
0.333333,6.30548,5.99989e-15,112.469,3.00815e-05,10.7874,0.513673,0.0139462
0.5,4.90187,2.30399e-11,70.5638,3.66682e-05,11.0828,1.24442,0.0667344
0.666667,4.00241,3.42318e-09,49.0813,4.1416e-05,10.2166,1.89736,0.160559
0.833333,3.35847,9.30267e-08,36.3839,4.48045e-05,9.05886,2.33604,0.278411
1,2.8666,1.08874e-06,28.1446,4.70704e-05,7.91986,2.56969,0.402376
1.16667,2.47566,7.43633e-06,22.4379,4.85433e-05,6.89891,2.65,0.519933
1.33333,2.15716,3.50085e-05,18.2929,4.95381e-05,6.01637,2.62826,0.623923
1.5,1.89377,0.000118076,15.1726,5.02591e-05,5.26399,2.5439,0.711247
1.66667,1.67401,0.000314929,12.7579,5.08148e-05,4.62508,2.42435,0.781287
1.83333,1.48967,0.000729058,10.8479,5.12611e-05,4.08234,2.28766,0.8348
2,1.33451,0.00147258,9.31044,5.16287e-05,3.62051,2.14523,0.873438
2.16667,1.20351,0.00262456,8.08665,5.19365e-05,3.22697,2.00417,0.899132
2.33333,1.09252,0.00438015,7.07245,5.21969e-05,2.89161,1.86874,0.913862
2.5,0.998074,0.0069038,6.22219,5.2419e-05,2.60638,1.74125,0.919542
2.66667,0.91725,0.0103508,5.5037,5.26091e-05,2.36469,1.62283,0.917949
2.83333,0.847627,0.0145281,4.89259,5.27726e-05,2.16084,1.51397,0.910693
3,0.787209,0.0197546,4.37009,5.29135e-05,1.98979,1.41469,0.899163
3.16667,0.734364,0.0262228,3.92157,5.3035e-05,1.84701,1.32477,0.884557
3.33333,0.687769,0.0340914,3.5354,5.31398e-05,1.72834,1.24382,0.867889
3.5,0.646353,0.0435107,3.20223,5.32304e-05,1.63,1.17139,0.850004
3.66667,0.609251,0.0543409,2.91778,5.33087e-05,1.54858,1.10699,0.831595
3.83333,0.575762,0.0650226,2.67933,5.33766e-05,1.48105,1.05004,0.813215
4,0.54532,0.0769855,2.47046,5.34355e-05,1.42474,0.999964,0.795301
4.16667,0.517461,0.0902867,2.28754,5.34868e-05,1.3774,0.956167,0.778183
4.33333,0.491809,0.104968,2.12743,5.35314e-05,1.33714,0.91807,0.762106
4.5,0.468054,0.12105,1.9874,5.35703e-05,1.30246,0.885091,0.747239
4.66667,0.445941,0.136838,1.86504,5.36043e-05,1.2721,0.856689,0.733678
4.83333,0.425264,0.1533,1.75822,5.3634e-05,1.24502,0.832358,0.72146
5,0.405849,0.170867,1.69704,5.36601e-05,1.22046,0.811615,0.710595
5.16667,0.387558,0.189517,1.6663,5.36831e-05,1.19784,0.794012,0.701071
5.33333,0.370275,0.209206,1.63723,5.37033e-05,1.17676,0.779137,0.692826
5.5,0.353907,0.229877,1.60815,5.37212e-05,1.15692,0.766639,0.685794
5.66667,0.338375,0.251451,1.5794,5.3737e-05,1.13809,0.756194,0.679898
5.83333,0.323615,0.273839,1.55233,5.3751e-05,1.12015,0.747507,0.675046
6,0.309574,0.296935,1.52624,5.37634e-05,1.10299,0.740324,0.671143
6.16667,0.296207,0.320627,1.50089,5.37744e-05,1.08654,0.734422,0.668144
6.33333,0.283475,0.341833,1.4764,5.37843e-05,1.07075,0.729609,0.665939
6.5,0.271345,0.362176,1.45286,5.37931e-05,1.0556,0.725699,0.664418
6.66667,0.259787,0.382816,1.43032,5.38009e-05,1.04106,0.722553,0.663501
6.83333,0.248773,0.403674,1.40881,5.38079e-05,1.02713,0.720054,0.663105
7,0.23828,0.424674,1.38833,5.38142e-05,1.01379,0.718094,0.663155
7.16667,0.228285,0.445064,1.3692,5.38198e-05,1.00104,0.716592,0.66359
7.33333,0.218766,0.46319,1.35111,5.38248e-05,0.988855,0.715469,0.664349
7.5,0.209702,0.48131,1.33391,5.38294e-05,0.97723,0.714669,0.665375
7.66667,0.201074,0.499373,1.31758,5.38334e-05,0.966147,0.714132,0.666634
7.83333,0.192862,0.517332,1.30208,5.38371e-05,0.955592,0.71381,0.668069
8,0.185049,0.535141,1.29003,5.38403e-05,0.945545,0.713671,0.669644
8.16667,0.177616,0.552754,1.27895,5.38433e-05,0.935989,0.713695,0.671332
8.33333,0.170546,0.570131,1.26796,5.38459e-05,0.926904,0.713842,0.67311
8.5,0.163822,0.587233,1.25715,5.38483e-05,0.918271,0.714089,0.674953
8.66667,0.157428,0.604025,1.24657,5.38505e-05,0.910069,0.714422,0.676838
8.83333,0.151347,0.61989,1.23627,5.38524e-05,0.902278,0.714822,0.678748
9,0.145565,0.635351,1.22626,5.38542e-05,0.894879,0.715274,0.680669
9.16667,0.140066,0.650462,1.21659,5.38558e-05,0.887852,0.715769,0.682589
9.33333,0.134836,0.664904,1.20727,5.38572e-05,0.881178,0.716297,0.684498
9.5,0.129862,0.678388,1.19829,5.38585e-05,0.87484,0.716849,0.686388
9.66667,0.125129,0.690134,1.18967,5.38596e-05,0.86882,0.717419,0.688252
9.83333,0.120625,0.70163,1.18141,5.38606e-05,0.8631,0.718002,0.690083
10,0.116337,0.712863,1.17411,5.38616e-05,0.857666,0.718592,0.691879
10.1667,0.112255,0.723824,1.16749,5.38624e-05,0.852502,0.719187,0.693635
10.3333,0.108366,0.734506,1.16108,5.38632e-05,0.847594,0.719782,0.695348
10.5,0.10466,0.744902,1.15487,5.38638e-05,0.842929,0.720376,0.697017
10.6667,0.101127,0.755006,1.14889,5.38645e-05,0.838492,0.720965,0.69864
10.8333,0.0977567,0.764815,1.14313,5.3865e-05,0.834273,0.72155,0.700216
11,0.0945399,0.773982,1.13758,5.38655e-05,0.830261,0.722126,0.701745
11.1667,0.0914681,0.782803,1.13224,5.38659e-05,0.826443,0.722692,0.703225
11.3333,0.0885328,0.791334,1.12711,5.38663e-05,0.82281,0.723248,0.704657
11.5,0.0857262,0.799076,1.12217,5.38667e-05,0.819353,0.723795,0.706042
11.6667,0.0830408,0.806476,1.11744,5.3867e-05,0.816062,0.72433,0.707379
11.8333,0.0804698,0.812982,1.1129,5.38673e-05,0.812928,0.724855,0.708671
12,0.0780064,0.819008,1.10854,5.38676e-05,0.809944,0.725368,0.709917
12.1667,0.0756446,0.824855,1.10436,5.38678e-05,0.807102,0.725869,0.71112
12.3333,0.0733784,0.830257,1.10035,5.3868e-05,0.804394,0.726359,0.712279
12.5,0.0712025,0.835524,1.09651,5.38682e-05,0.801814,0.726837,0.713396
12.6667,0.0691118,0.840656,1.09299,5.38684e-05,0.799356,0.727302,0.714473
12.8333,0.0671013,0.845652,1.08976,5.38685e-05,0.797013,0.727757,0.71551
13,0.0651667,0.850514,1.08677,5.38686e-05,0.794779,0.7282,0.716509
13.1667,0.0633038,0.8544,1.08388,5.38688e-05,0.79265,0.728631,0.717471
13.3333,0.0615086,0.857933,1.08108,5.38689e-05,0.790619,0.729051,0.718398
13.5,0.0597775,0.861263,1.07838,5.3869e-05,0.788682,0.72946,0.719289
13.6667,0.0581071,0.864546,1.07577,5.3869e-05,0.786834,0.729858,0.720148
13.8333,0.0564942,0.867781,1.07325,5.38691e-05,0.785071,0.730245,0.720974
14,0.0549359,0.870967,1.07081,5.38692e-05,0.783389,0.730622,0.72177
14.1667,0.0534294,0.874101,1.06846,5.38693e-05,0.781783,0.730989,0.722535
14.3333,0.051972,0.876682,1.0662,5.38693e-05,0.78025,0.731345,0.723272
14.5,0.0505616,0.879089,1.06401,5.38694e-05,0.778786,0.731693,0.723981
14.6667,0.0491957,0.880861,1.0619,5.38694e-05,0.777388,0.73203,0.724664
14.8333,0.0478723,0.88252,1.05986,5.38694e-05,0.776052,0.732358,0.725322
15,0.0465896,0.884212,1.05789,5.38695e-05,0.774776,0.732677,0.725955
15.1667,0.0453456,0.885934,1.056,5.38695e-05,0.773557,0.732988,0.726565
15.3333,0.0441387,0.887682,1.05417,5.38695e-05,0.772392,0.73329,0.727152
15.5,0.0429673,0.889452,1.05243,5.38695e-05,0.771278,0.733583,0.727718
15.6667,0.04183,0.891238,1.05078,5.38696e-05,0.770213,0.733869,0.728263
15.8333,0.0407253,0.89304,1.04919,5.38696e-05,0.769195,0.734146,0.728787
16,0.039652,0.894853,1.04772,5.38696e-05,0.76822,0.734415,0.729292
16.1667,0.0386089,0.896675,1.04635,5.38696e-05,0.767288,0.734677,0.729778
16.3333,0.0375949,0.8985,1.04502,5.38696e-05,0.766396,0.734932,0.730247
16.5,0.0366089,0.900327,1.04373,5.38696e-05,0.765542,0.73518,0.730698
16.6667,0.0356499,0.902154,1.04247,5.38697e-05,0.764725,0.735422,0.731132
16.8333,0.0347169,0.90398,1.04125,5.38697e-05,0.763942,0.735656,0.73155
17,0.033809,0.905802,1.04007,5.38697e-05,0.763193,0.735883,0.731954
17.1667,0.0329255,0.907616,1.03892,5.38697e-05,0.762475,0.736105,0.732342
17.3333,0.0320655,0.909422,1.0378,5.38697e-05,0.761787,0.736321,0.732717
17.5,0.0312283,0.911219,1.03671,5.38697e-05,0.761128,0.73653,0.733078
17.6667,0.0304131,0.913003,1.03566,5.38697e-05,0.760496,0.736734,0.733427
17.8333,0.0296192,0.914775,1.03463,5.38697e-05,0.759891,0.736932,0.733763
18,0.0288461,0.916532,1.03364,5.38697e-05,0.75931,0.737124,0.734087
18.1667,0.0280931,0.918271,1.03267,5.38697e-05,0.758753,0.737312,0.7344
18.3333,0.0273596,0.919994,1.03174,5.38697e-05,0.758219,0.737493,0.734702
18.5,0.0266451,0.921698,1.03083,5.38697e-05,0.757706,0.737671,0.734993
18.6667,0.025949,0.923383,1.02995,5.38697e-05,0.757214,0.737843,0.735274
18.8333,0.0252708,0.925046,1.02909,5.38697e-05,0.756741,0.738011,0.735546
19,0.02461,0.926689,1.02826,5.38697e-05,0.756288,0.738174,0.735808
19.1667,0.0239661,0.92831,1.02745,5.38697e-05,0.755852,0.738331,0.736061
19.3333,0.0233388,0.929908,1.02666,5.38697e-05,0.755434,0.738486,0.736306
19.5,0.0227275,0.931483,1.0259,5.38697e-05,0.755032,0.738635,0.736542
19.6667,0.0221319,0.933034,1.02517,5.38697e-05,0.754646,0.738781,0.73677
19.8333,0.0215514,0.934561,1.02445,5.38697e-05,0.754275,0.738922,0.73699
20,0.0209858,0.936064,1.02375,5.38697e-05,0.753918,0.73906,0.737203
20.1667,0.0204347,0.937543,1.02308,5.38697e-05,0.753575,0.739193,0.737409
20.3333,0.0198976,0.938996,1.02242,5.38697e-05,0.753245,0.739323,0.737607
20.5,0.0193743,0.940424,1.0218,5.38697e-05,0.752928,0.73945,0.737799
20.6667,0.0188644,0.941827,1.02121,5.38697e-05,0.752622,0.739572,0.737986
20.8333,0.0183675,0.943204,1.02063,5.38697e-05,0.752328,0.739692,0.738165
21,0.0178833,0.944556,1.02006,5.38697e-05,0.752045,0.739809,0.738339
21.1667,0.0174115,0.94588,1.01951,5.38697e-05,0.751773,0.739921,0.738507
21.3333,0.0169518,0.94718,1.01898,5.38697e-05,0.751511,0.740032,0.73867
21.5,0.0165039,0.948454,1.01846,5.38697e-05,0.751258,0.740138,0.738827
21.6667,0.0160675,0.949703,1.01795,5.38697e-05,0.751015,0.740242,0.738979
21.8333,0.0156423,0.950928,1.01746,5.38697e-05,0.750781,0.740343,0.739126
22,0.0152281,0.952128,1.01699,5.38697e-05,0.750555,0.740441,0.739268
22.1667,0.0148246,0.953303,1.01652,5.38697e-05,0.750337,0.740536,0.739406
22.3333,0.0144314,0.954453,1.01607,5.38697e-05,0.750127,0.740629,0.73954
22.5,0.0140484,0.95558,1.01563,5.38697e-05,0.749925,0.740719,0.739668
22.6667,0.0136753,0.956682,1.0152,5.38697e-05,0.74973,0.740807,0.739794
22.8333,0.0133118,0.957761,1.01479,5.38697e-05,0.749542,0.740892,0.739914
23,0.0129578,0.958817,1.01438,5.38697e-05,0.749361,0.740975,0.740032
23.1667,0.0126129,0.959849,1.01399,5.38697e-05,0.749186,0.741055,0.740145
23.3333,0.012277,0.960859,1.01361,5.38697e-05,0.749016,0.741133,0.740255
23.5,0.0119498,0.961846,1.01324,5.38697e-05,0.748854,0.74121,0.740362
23.6667,0.0116312,0.962811,1.01287,5.38697e-05,0.748697,0.741284,0.740465
23.8333,0.0113209,0.963754,1.01252,5.38697e-05,0.748544,0.741356,0.740565
24,0.0110186,0.964676,1.01218,5.38697e-05,0.748398,0.741426,0.740661
24.1667,0.0107243,0.965577,1.01185,5.38697e-05,0.748256,0.741494,0.740755
24.3333,0.0104376,0.966456,1.01152,5.38697e-05,0.74812,0.741561,0.740846
24.5,0.0101585,0.967315,1.01121,5.38697e-05,0.747988,0.741625,0.740934
24.6667,0.00988661,0.968155,1.0109,5.38697e-05,0.74786,0.741687,0.74102
24.8333,0.00962192,0.968974,1.01061,5.38697e-05,0.747737,0.741748,0.741102
25,0.00936419,0.969774,1.01032,5.38697e-05,0.747617,0.741808,0.741182
25.1667,0.00911322,0.970555,1.01004,5.38697e-05,0.747503,0.741865,0.74126
25.3333,0.00886888,0.971317,1.00976,5.38697e-05,0.747391,0.74192,0.741336
25.5,0.00863098,0.972061,1.0095,5.38697e-05,0.747283,0.741974,0.741408
25.6667,0.00839937,0.972787,1.00924,5.38697e-05,0.74718,0.742027,0.741479
25.8333,0.00817387,0.973495,1.00899,5.38697e-05,0.747078,0.742078,0.741548
26,0.00795434,0.974186,1.00874,5.38697e-05,0.746982,0.742127,0.741615
26.1667,0.00774063,0.974859,1.00851,5.38697e-05,0.746887,0.742175,0.741679
26.3333,0.00753257,0.975517,1.00828,5.38697e-05,0.746796,0.742222,0.741741
26.5,0.00733003,0.976158,1.00805,5.38697e-05,0.746708,0.742268,0.741802
26.6667,0.00713286,0.976783,1.00783,5.38697e-05,0.746623,0.742312,0.741861
26.8333,0.00694095,0.977394,1.00762,5.38697e-05,0.74654,0.742355,0.741918
27,0.00675413,0.977988,1.00741,5.38697e-05,0.746461,0.742397,0.741974
27.1667,0.00657229,0.978567,1.00722,5.38697e-05,0.746384,0.742437,0.742027
27.3333,0.00639526,0.979133,1.00702,5.38697e-05,0.746308,0.742477,0.742079
27.5,0.00622293,0.979684,1.00683,5.38697e-05,0.746236,0.742516,0.74213
27.6667,0.00605524,0.98022,1.00665,5.38697e-05,0.746166,0.742553,0.742179
27.8333,0.00589202,0.980744,1.00647,5.38697e-05,0.746098,0.742589,0.742227
28,0.00573317,0.981254,1.0063,5.38697e-05,0.746033,0.742625,0.742273
28.1667,0.00557858,0.981751,1.00613,5.38697e-05,0.745969,0.742659,0.742319
28.3333,0.0054281,0.982235,1.00597,5.38697e-05,0.745908,0.742693,0.742362
28.5,0.00528167,0.982708,1.00582,5.38697e-05,0.745848,0.742726,0.742405
28.6667,0.00513917,0.983168,1.00567,5.38697e-05,0.74579,0.742757,0.742446
28.8333,0.0050005,0.983616,1.00552,5.38697e-05,0.745735,0.742788,0.742486
29,0.00486556,0.984053,1.00538,5.38697e-05,0.74568,0.742817,0.742525
29.1667,0.00473426,0.984478,1.00524,5.38697e-05,0.745628,0.742846,0.742562
29.3333,0.00460645,0.984892,1.00511,5.38697e-05,0.745576,0.742874,0.742598
29.5,0.00448211,0.985295,1.00498,5.38697e-05,0.745527,0.742902,0.742633
29.6667,0.00436115,0.985688,1.00485,5.38697e-05,0.74548,0.742928,0.742668
29.8333,0.00424338,0.98607,1.00472,5.38697e-05,0.745434,0.742954,0.742702
30,0.00412881,0.986443,1.0046,5.38697e-05,0.745389,0.74298,0.742735
30.1667,0.00401733,0.986806,1.00449,5.38697e-05,0.745345,0.743005,0.742767
30.3333,0.00390887,0.98716,1.00437,5.38697e-05,0.745302,0.743029,0.742797
30.5,0.00380333,0.987504,1.00426,5.38697e-05,0.745262,0.743052,0.742826
30.6667,0.00370068,0.987839,1.00415,5.38697e-05,0.745222,0.743075,0.742855
30.8333,0.00360077,0.988165,1.00404,5.38697e-05,0.745184,0.743097,0.742883
31,0.00350356,0.988484,1.00394,5.38697e-05,0.745147,0.743118,0.742911
31.1667,0.00340899,0.988794,1.00383,5.38697e-05,0.74511,0.743139,0.742937
31.3333,0.00331698,0.989094,1.00373,5.38697e-05,0.745075,0.743159,0.742964
31.5,0.00322748,0.989387,1.00364,5.38697e-05,0.745041,0.743178,0.742989
31.6667,0.00314041,0.989674,1.00355,5.38697e-05,0.745008,0.743198,0.743014
31.8333,0.00305569,0.989951,1.00346,5.38697e-05,0.744977,0.743216,0.743038
32,0.00297329,0.990221,1.00336,5.38697e-05,0.744946,0.743234,0.74306
32.1667,0.00289309,0.990486,1.00328,5.38697e-05,0.744916,0.743251,0.743082
32.3333,0.0028151,0.990741,1.0032,5.38697e-05,0.744887,0.743269,0.743103
32.5,0.0027392,0.990992,1.00312,5.38697e-05,0.744858,0.743286,0.743124
32.6667,0.00266535,0.991234,1.00304,5.38697e-05,0.74483,0.743302,0.743145
32.8333,0.00259356,0.991471,1.00295,5.38697e-05,0.744804,0.743318,0.743165
33,0.00252371,0.991701,1.00288,5.38697e-05,0.744778,0.743334,0.743184
33.1667,0.00245577,0.991925,1.00281,5.38697e-05,0.744754,0.743349,0.743204
33.3333,0.00238965,0.992143,1.00274,5.38697e-05,0.74473,0.743363,0.743222
33.5,0.00232534,0.992355,1.00267,5.38697e-05,0.744707,0.743377,0.743239
33.6667,0.00226277,0.992562,1.0026,5.38697e-05,0.744684,0.743391,0.743257
33.8333,0.00220191,0.992763,1.00253,5.38697e-05,0.744662,0.743404,0.743274
34,0.00214276,0.992959,1.00246,5.38697e-05,0.74464,0.743417,0.74329
34.1667,0.00208519,0.99315,1.0024,5.38697e-05,0.744619,0.74343,0.743307
34.3333,0.00202917,0.993334,1.00234,5.38697e-05,0.744597,0.743442,0.743322
34.5,0.00197473,0.993517,1.00229,5.38697e-05,0.744578,0.743454,0.743337
34.6667,0.00192174,0.99369,1.00223,5.38697e-05,0.74456,0.743466,0.743351
34.8333,0.00187025,0.993862,1.00217,5.38697e-05,0.744542,0.743477,0.743366
35,0.00182023,0.994028,1.00211,5.38697e-05,0.744525,0.743488,0.74338
35.1667,0.00177154,0.994189,1.00205,5.38697e-05,0.744508,0.743499,0.743394
35.3333,0.00172421,0.994349,1.002,5.38697e-05,0.744491,0.74351,0.743407
35.5,0.00167815,0.9945,1.00196,5.38697e-05,0.744476,0.74352,0.74342
35.6667,0.00163332,0.994649,1.00191,5.38697e-05,0.74446,0.74353,0.743433
35.8333,0.0015897,0.994796,1.00186,5.38697e-05,0.744445,0.743539,0.743446
36,0.00154728,0.994935,1.00182,5.38697e-05,0.74443,0.743549,0.743458
36.1667,0.00150603,0.995073,1.00177,5.38697e-05,0.744415,0.743558,0.743469
36.3333,0.00146594,0.995209,1.00173,5.38697e-05,0.744401,0.743567,0.74348
36.5,0.00142696,0.995336,1.00168,5.38697e-05,0.744386,0.743576,0.743491
36.6667,0.00138906,0.995463,1.00163,5.38697e-05,0.744372,0.743584,0.743501
36.8333,0.0013522,0.995589,1.0016,5.38697e-05,0.744359,0.743593,0.743512
37,0.00131635,0.995706,1.00156,5.38697e-05,0.744345,0.743601,0.743521
37.1667,0.00128148,0.995821,1.00152,5.38697e-05,0.744331,0.74361,0.743531
37.3333,0.00124757,0.995936,1.00149,5.38697e-05,0.74432,0.743618,0.743541
37.5,0.00121461,0.996049,1.00145,5.38697e-05,0.744309,0.743625,0.74355
37.6667,0.00118255,0.996153,1.00142,5.38697e-05,0.7443,0.743632,0.743559
37.8333,0.00115138,0.996257,1.00138,5.38697e-05,0.74429,0.743639,0.743568
38,0.00112107,0.99636,1.00135,5.38697e-05,0.744281,0.743646,0.743576
38.1667,0.00109164,0.996461,1.00132,5.38697e-05,0.744273,0.743653,0.743585
38.3333,0.00106308,0.996554,1.00128,5.38697e-05,0.744264,0.743659,0.743593
38.5,0.00103526,0.996647,1.00125,5.38697e-05,0.744255,0.743666,0.743601
38.6667,0.00100825,0.996738,1.00121,5.38697e-05,0.744247,0.743672,0.743609
38.8333,0.000981983,0.99683,1.00119,5.38697e-05,0.744238,0.743678,0.743617
39,0.000956391,0.996916,1.00116,5.38697e-05,0.74423,0.743684,0.743624
39.1667,0.000931467,0.996997,1.00114,5.38697e-05,0.744222,0.74369,0.743631
39.3333,0.000907174,0.997078,1.00112,5.38697e-05,0.744214,0.743695,0.743638
39.5,0.000883503,0.997158,1.00109,5.38697e-05,0.744206,0.743701,0.743645
39.6667,0.000860465,0.997239,1.00107,5.38697e-05,0.744199,0.743707,0.743652
39.8333,0.000838045,0.997314,1.00105,5.38697e-05,0.744191,0.743712,0.743659
40,0.000816199,0.997384,1.00102,5.38697e-05,0.744184,0.743718,0.743666
40.1667,0.000794902,0.997453,1.001,5.38697e-05,0.744177,0.743723,0.743672
40.3333,0.00077416,0.997522,1.00098,5.38697e-05,0.744169,0.743728,0.743679
40.5,0.000753973,0.997591,1.00095,5.38697e-05,0.744162,0.743733,0.743685
40.6667,0.000734335,0.99766,1.00093,5.38697e-05,0.744155,0.743738,0.74369
40.8333,0.00071529,0.997725,1.00091,5.38697e-05,0.744148,0.743743,0.743696
41,0.000696817,0.997784,1.00089,5.38697e-05,0.744142,0.743747,0.743702
41.1667,0.000678867,0.997842,1.00086,5.38697e-05,0.744135,0.743752,0.743707
41.3333,0.000661409,0.9979,1.00084,5.38697e-05,0.744128,0.743756,0.743712
41.5,0.000644444,0.997957,1.00082,5.38697e-05,0.744121,0.74376,0.743718
41.6667,0.000627943,0.998015,1.0008,5.38697e-05,0.744114,0.743764,0.743723
41.8333,0.000611858,0.998072,1.00079,5.38697e-05,0.744108,0.743769,0.743728
42,0.000596172,0.998129,1.00078,5.38697e-05,0.744101,0.743772,0.743732
42.1667,0.00058087,0.998177,1.00077,5.38697e-05,0.744094,0.743776,0.743737
42.3333,0.000565937,0.998223,1.00075,5.38697e-05,0.744088,0.743779,0.743741
42.5,0.000551357,0.99827,1.00074,5.38697e-05,0.744081,0.743783,0.743745
42.6667,0.000537152,0.998316,1.00073,5.38697e-05,0.744075,0.743786,0.74375
42.8333,0.000523319,0.998362,1.00072,5.38697e-05,0.744069,0.743789,0.743754
43,0.000509864,0.998408,1.00071,5.38697e-05,0.744065,0.743792,0.743758
43.1667,0.000496794,0.998454,1.00069,5.38697e-05,0.74406,0.743795,0.743762
43.3333,0.00048409,0.9985,1.00068,5.38697e-05,0.744056,0.743798,0.743765
43.5,0.000471756,0.998546,1.00067,5.38697e-05,0.744053,0.743801,0.743769
43.6667,0.000459819,0.998582,1.00066,5.38697e-05,0.74405,0.743803,0.743772
43.8333,0.000448213,0.998618,1.00065,5.38697e-05,0.744048,0.743806,0.743776
44,0.000436951,0.998652,1.00064,5.38697e-05,0.744045,0.743809,0.743779
44.1667,0.000426046,0.998687,1.00062,5.38697e-05,0.744044,0.743811,0.743782
44.3333,0.000415458,0.998722,1.00061,5.38697e-05,0.744042,0.743814,0.743785
44.5,0.000405235,0.998757,1.0006,5.38697e-05,0.744041,0.743816,0.743789
44.6667,0.000395378,0.998791,1.00059,5.38697e-05,0.74404,0.743819,0.743792
44.8333,0.000385863,0.998826,1.00058,5.38697e-05,0.744039,0.743821,0.743795
45,0.000376696,0.99886,1.00057,5.38697e-05,0.744038,0.743823,0.743798
45.1667,0.000376498,0.99886,1.00057,3.46437e-05,0.744035,0.743821,0.743753
45.3333,0.0003763,0.99886,1.00057,2.68126e-05,0.744029,0.743826,0.74372
45.5,0.000376105,0.99886,1.00057,2.12118e-05,0.744022,0.743833,0.743698
45.6667,0.000375897,0.99886,1.00057,1.72325e-05,0.744014,0.743841,0.743682
45.8333,0.000375669,0.99886,1.00057,1.44299e-05,0.744006,0.74385,0.743671
46,0.000375435,0.99886,1.00057,1.24085e-05,0.743999,0.74386,0.743664
46.1667,0.000375198,0.99886,1.00057,1.09013e-05,0.743992,0.74387,0.743659
46.3333,0.000374956,0.99886,1.00057,9.741e-06,0.743985,0.743881,0.743655
46.5,0.000374692,0.99886,1.00057,8.82169e-06,0.743978,0.743891,0.743652
46.6667,0.000374402,0.99886,1.00057,8.0747e-06,0.743971,0.743901,0.74365
46.8333,0.000374079,0.99886,1.00056,7.45439e-06,0.743965,0.743911,0.743648
47,0.000373723,0.99886,1.00056,6.92964e-06,0.743961,0.743921,0.743647
47.1667,0.000373342,0.99886,1.00056,6.47868e-06,0.743956,0.743931,0.743645
47.3333,0.000372938,0.99886,1.00056,6.08571e-06,0.743951,0.74394,0.743643
47.5,0.000372508,0.99886,1.00056,5.73918e-06,0.743948,0.74395,0.743642
47.6667,0.00037205,0.99886,1.00056,5.43046e-06,0.743946,0.743959,0.743641
47.8333,0.00037157,0.99886,1.00056,5.15307e-06,0.743944,0.743968,0.74364
48,0.000371066,0.99886,1.00056,4.90198e-06,0.743945,0.743975,0.743639
48.1667,0.000370528,0.99886,1.00056,4.67329e-06,0.743948,0.743982,0.743638
48.3333,0.000369963,0.99886,1.00056,4.46387e-06,0.743955,0.743988,0.743637
48.5,0.000369373,0.99886,1.00056,4.27112e-06,0.743964,0.743993,0.743635
48.6667,0.000368763,0.99886,1.00056,4.09296e-06,0.743974,0.743998,0.743634
48.8333,0.000368153,0.99886,1.00056,3.92763e-06,0.743985,0.744003,0.743633
49,0.000367541,0.99886,1.00056,3.7737e-06,0.743993,0.744008,0.743632
49.1667,0.000366921,0.99886,1.00056,3.62999e-06,0.744,0.74401,0.743631
49.3333,0.000366284,0.99886,1.00056,3.49548e-06,0.744004,0.744012,0.743629
49.5,0.000365629,0.99886,1.00056,3.36929e-06,0.744007,0.744015,0.743628
49.6667,0.000364968,0.99886,1.00055,3.25064e-06,0.744008,0.744017,0.743627
49.8333,0.00036431,0.99886,1.00055,3.13888e-06,0.744008,0.744019,0.743626
50,0.000363644,0.99886,1.00055,3.03342e-06,0.744008,0.74402,0.743625
50.1667,0.000362978,0.99886,1.00055,2.93375e-06,0.744008,0.74402,0.743624
50.3333,0.000362317,0.99886,1.00055,2.83942e-06,0.744008,0.74402,0.743623
50.5,0.000361644,0.99886,1.00055,2.75003e-06,0.744008,0.74402,0.743622
50.6667,0.000360968,0.99886,1.00055,2.66521e-06,0.744008,0.74402,0.74362
50.8333,0.00036029,0.99886,1.00055,2.58465e-06,0.744008,0.74402,0.743619
51,0.000359603,0.99886,1.00055,2.50805e-06,0.744008,0.744018,0.743618
51.1667,0.000358915,0.99886,1.00055,2.43515e-06,0.744008,0.744017,0.743616
51.3333,0.000358225,0.99886,1.00055,2.3657e-06,0.744008,0.744015,0.743615
51.5,0.000357541,0.99886,1.00055,2.29946e-06,0.744008,0.744014,0.743613
51.6667,0.00035685,0.99886,1.00055,2.23622e-06,0.744008,0.744012,0.743612
51.8333,0.00035614,0.99886,1.00055,2.17578e-06,0.744008,0.744011,0.74361
52,0.000355414,0.99886,1.00055,2.11795e-06,0.744008,0.744009,0.743608
52.1667,0.000354682,0.99886,1.00055,2.06256e-06,0.744008,0.744007,0.743607
52.3333,0.00035395,0.99886,1.00055,2.00947e-06,0.744008,0.744005,0.743605
52.5,0.000353214,0.99886,1.00055,1.95852e-06,0.744008,0.744002,0.743603
52.6667,0.000352477,0.99886,1.00055,1.90959e-06,0.744008,0.744,0.743602
52.8333,0.000351735,0.99886,1.00055,1.86257e-06,0.744008,0.743998,0.7436
53,0.000350996,0.99886,1.00055,1.81735e-06,0.744008,0.743994,0.743598
53.1667,0.000350254,0.99886,1.00055,1.77383e-06,0.744008,0.74399,0.743596
53.3333,0.000349514,0.99886,1.00055,1.73193e-06,0.744008,0.743986,0.743594
53.5,0.000348768,0.99886,1.00055,1.69157e-06,0.744008,0.743981,0.743592
53.6667,0.000348026,0.99886,1.00055,1.65267e-06,0.744008,0.743977,0.74359
53.8333,0.000347286,0.99886,1.00055,1.61517e-06,0.744008,0.743973,0.743587
54,0.000346548,0.99886,1.00055,1.57899e-06,0.744008,0.743969,0.743585
54.1667,0.000345811,0.99886,1.00055,1.54407e-06,0.744008,0.743964,0.743583
54.3333,0.000345077,0.99886,1.00055,1.51035e-06,0.744008,0.74396,0.743581
54.5,0.000344342,0.99886,1.00055,1.47777e-06,0.744008,0.743956,0.743579
54.6667,0.00034361,0.99886,1.00054,1.44629e-06,0.744008,0.743951,0.743577
54.8333,0.000342873,0.99886,1.00054,1.41586e-06,0.744008,0.743947,0.743574
55,0.000342126,0.99886,1.00054,1.38643e-06,0.744008,0.743942,0.743572
55.1667,0.000341382,0.99886,1.00053,1.35796e-06,0.744008,0.743938,0.74357
55.3333,0.000340643,0.99886,1.00053,1.33041e-06,0.744008,0.743933,0.743568
55.5,0.000339905,0.99886,1.00053,1.30375e-06,0.744008,0.743928,0.743565
55.6667,0.000339172,0.99886,1.00052,1.27793e-06,0.744008,0.743923,0.743563
55.8333,0.000338436,0.99886,1.00052,1.25294e-06,0.744008,0.743918,0.743561
56,0.000337684,0.99886,1.00052,1.22872e-06,0.744008,0.743914,0.743559
56.1667,0.000336928,0.99886,1.00051,1.20526e-06,0.744008,0.743909,0.743556
56.3333,0.000336178,0.99886,1.00051,1.18251e-06,0.744008,0.743904,0.743554
56.5,0.000335428,0.99886,1.00051,1.16046e-06,0.744008,0.743899,0.743552
56.6667,0.000334671,0.99886,1.0005,1.13907e-06,0.744008,0.743895,0.743549
56.8333,0.000333906,0.99886,1.0005,1.11832e-06,0.744008,0.74389,0.743547
57,0.000333134,0.99886,1.0005,1.09818e-06,0.744008,0.743885,0.743545
57.1667,0.000332357,0.99886,1.0005,1.07864e-06,0.744008,0.74388,0.743542
57.3333,0.000331576,0.99886,1.0005,1.05966e-06,0.744008,0.743876,0.74354
57.5,0.000330791,0.99886,1.00049,1.04122e-06,0.744008,0.743871,0.743538
57.6667,0.000329997,0.99886,1.00049,1.02331e-06,0.744008,0.743866,0.743535
57.8333,0.000329203,0.99886,1.00049,1.0059e-06,0.744008,0.743861,0.743533
58,0.000328405,0.99886,1.00049,9.88979e-07,0.744008,0.743856,0.743531
58.1667,0.000327603,0.99886,1.00049,9.72524e-07,0.744008,0.743852,0.743528
58.3333,0.000326809,0.99886,1.00049,9.56518e-07,0.744008,0.743848,0.743526
58.5,0.000326004,0.99886,1.00049,9.40946e-07,0.744008,0.743844,0.743523
58.6667,0.000325191,0.99886,1.00049,9.25792e-07,0.744008,0.74384,0.743521
58.8333,0.000324376,0.99886,1.00049,9.11041e-07,0.744008,0.743836,0.743519
59,0.000323565,0.99886,1.00049,8.96678e-07,0.744008,0.743832,0.743516
59.1667,0.000322751,0.99886,1.00048,8.82688e-07,0.744008,0.743829,0.743514
59.3333,0.000321924,0.99886,1.00048,8.69059e-07,0.744008,0.743827,0.743511
59.5,0.000321091,0.99886,1.00048,8.55778e-07,0.744008,0.743824,0.743509
59.6667,0.000320258,0.99886,1.00047,8.42833e-07,0.744008,0.743822,0.743506
59.8333,0.000319421,0.99886,1.00047,8.30212e-07,0.744008,0.743819,0.743504
60,0.000318567,0.99886,1.00047,8.17904e-07,0.744008,0.743816,0.743501
