id,geom,pos,z,az,el,azimut_abs,dosis,nivel,dx,pre,bomba_min,daz,pos_x,pos_y,pos_z,t95,t10,t05,cov45,cmin45,cmax45,cov90,t_orp10,t_llave10,corto,t_corto_min,vf_max,vf_med,recorrido_m,choca_con,dist_rejilla_m,s_toque_fondo,u_toque_fondo,q_lh,m_m4s2,c_final_mg_l,pasos,seg_computo
base_mastil_z50_a+000_e+00_llenado_n120_dx10_pre0_b45,base,mastil,0.5,0,0,33.389,llenado,1.2,0.1,0,45,0,1.61,1.27,0.5,31,34.166666666666664,38.333333333333336,0.006135,0.9808,1.014,0.002971,17.666666666666668,19.5,2.165,3.117,0.006493,0.006263,2.144,pared y=A,0.761,,,800,0.0009824379203203417,0.7503,11610,54.102
base_mastil_z50_a+000_e+15_llenado_n120_dx10_pre0_b45,base,mastil,0.5,0,15,33.389,llenado,1.2,0.1,0,45,0,1.61,1.27,0.5,33.666666666666664,37.5,44,0.01386,0.9842,1.044,0.007615,14.166666666666666,19.666666666666668,2.275,3.478,0.005055,0.005035,2.22,pared y=A,0.761,,,800,0.0009824379203203417,0.7503,12958,57.175
base_mastil_z50_a+000_e-15_llenado_n120_dx10_pre0_b45,base,mastil,0.5,0,-15,33.389,llenado,1.2,0.1,0,45,0,1.61,1.27,0.5,32.5,34.833333333333336,39,0.007791,0.976,1.015,0.003348,19.833333333333332,10.666666666666666,2.236,3.221,0.01085,0.01055,1.932,fondo,0.761,1.09,0.201,800,0.0009824379203203417,0.7503,12958,57.965
base_mastil_z50_a+000_e-30_llenado_n120_dx10_pre0_b45,base,mastil,0.5,0,-30,33.389,llenado,1.2,0.1,0,45,0,1.61,1.27,0.5,35.833333333333336,38.666666666666664,43.833333333333336,0.01581,0.9692,1.042,0.007896,18.833333333333332,14.333333333333334,2.308,3.425,0.02122,0.02101,1,fondo,0.761,0.714,0.307,800,0.0009824379203203417,0.7503,12419,57.422
base_mastil_z50_a+000_e-60_llenado_n120_dx10_pre0_b45,base,mastil,0.5,0,-60,33.389,llenado,1.2,0.1,0,45,0,1.61,1.27,0.5,65.66666666666667,,,0.05631,0.9074,1.12,0.0419,18.333333333333332,33.666666666666664,2.344,4.069,0.04029,0.04028,0.577,fondo,0.761,0.469,0.468,800,0.0009824379203203417,0.7503,12689,59.066
base_mastil_z50_a+045_e+00_llenado_n120_dx10_pre0_b45,base,mastil,0.5,45,0,78.389,llenado,1.2,0.1,0,45,0,1.61,1.27,0.5,35,38,44.5,0.01739,0.9675,1.047,0.01249,21.833333333333332,30.333333333333332,3.008,3.333,0.01146,0.01143,1.205,pared y=A,0.761,,,800,0.0009824379203203417,0.7503,11340,51.456
base_mastil_z50_a+045_e+15_llenado_n120_dx10_pre0_b45,base,mastil,0.5,45,15,78.389,llenado,1.2,0.1,0,45,0,1.61,1.27,0.5,31.166666666666668,34.666666666666664,40.333333333333336,0.009343,0.9822,1.028,0.006383,17.333333333333332,26.333333333333332,3.143,3.199,0.005288,0.005277,1.247,pared y=A,0.761,,,800,0.0009824379203203417,0.7503,12684,58.033
base_mastil_z50_a+045_e-15_llenado_n120_dx10_pre0_b45,base,mastil,0.5,45,-15,78.389,llenado,1.2,0.1,0,45,0,1.61,1.27,0.5,36.333333333333336,38.833333333333336,,0.02059,0.9595,1.053,0.01488,23,31.5,3.036,3.359,0.01372,0.01368,1.247,pared y=A,0.761,1.09,0.201,800,0.0009824379203203417,0.7503,12689,55.924
base_mastil_z50_a+045_e-30_llenado_n120_dx10_pre0_b45,base,mastil,0.5,45,-30,78.389,llenado,1.2,0.1,0,45,0,1.61,1.27,0.5,39.833333333333336,41.666666666666664,,0.03108,0.9374,1.073,0.02437,23.166666666666668,34.333333333333336,3.003,3.465,0.0245,0.0244,1,fondo,0.761,0.714,0.307,800,0.0009824379203203417,0.7503,12959,59.056
base_mastil_z50_a+045_e-60_llenado_n120_dx10_pre0_b45,base,mastil,0.5,45,-60,78.389,llenado,1.2,0.1,0,45,0,1.61,1.27,0.5,,,,0.06478,0.8702,1.129,0.05711,18,40.5,2.55,4.02,0.04501,0.045,0.577,fondo,0.761,0.469,0.468,800,0.0009824379203203417,0.7503,12419,56.604
base_mastil_z50_a+090_e+00_llenado_n120_dx10_pre0_b45,base,mastil,0.5,90,0,123.389,llenado,1.2,0.1,0,45,0,1.61,1.27,0.5,31.166666666666668,35.166666666666664,41.5,0.01068,0.9663,1.013,0.005995,7,21.166666666666668,3.049,2.007,0.007315,0.007113,1.413,pared y=A,0.743,,,800,0.0009824379203203417,0.7503,11610,52.518
base_mastil_z50_a+090_e+15_llenado_n120_dx10_pre0_b45,base,mastil,0.5,90,15,123.389,llenado,1.2,0.1,0,45,0,1.61,1.27,0.5,33.166666666666664,33.666666666666664,41,0.01635,0.9661,1.023,0.009408,9.833333333333334,23,3.111,2.006,0.004898,0.004609,1.463,pared y=A,0.747,,,800,0.0009824379203203417,0.7503,13229,58.134
base_mastil_z50_a+090_e-15_llenado_n120_dx10_pre0_b45,base,mastil,0.5,90,-15,123.389,llenado,1.2,0.1,0,45,0,1.61,1.27,0.5,33.666666666666664,37,44,0.01535,0.9552,1.022,0.009435,7.666666666666667,24.666666666666668,3.006,2.293,0.009057,0.008783,1.463,pared y=A,0.741,1.09,0.201,800,0.0009824379203203417,0.7503,13498,61.957
base_mastil_z50_a+090_e-30_llenado_n120_dx10_pre0_b45,base,mastil,0.5,90,-30,123.389,llenado,1.2,0.1,0,45,0,1.61,1.27,0.5,38.166666666666664,40.333333333333336,,0.02715,0.9337,1.044,0.01925,8.5,29.5,2.823,2.689,0.01981,0.01965,1,fondo,0.742,0.714,0.307,800,0.0009824379203203417,0.7503,13768,60.213
base_mastil_z50_a+090_e-60_llenado_n120_dx10_pre0_b45,base,mastil,0.5,90,-60,123.389,llenado,1.2,0.1,0,45,0,1.61,1.27,0.5,,,,0.06335,0.8954,1.111,0.05307,11,37.5,2.086,4.272,0.04079,0.04079,0.577,fondo,0.751,0.469,0.468,800,0.0009824379203203417,0.7503,12418,56.432
base_mastil_z50_a+135_e+00_llenado_n120_dx10_pre0_b45,base,mastil,0.5,135,0,168.389,llenado,1.2,0.1,0,45,0,1.61,1.27,0.5,34,35.333333333333336,42.666666666666664,0.01826,0.9598,1.021,0.01053,12.666666666666666,25.166666666666668,2.482,2.698,0.008847,0.008769,1.643,pared x=0,0.41,,,800,0.0009824379203203417,0.7503,11334,52.51
base_mastil_z50_a+135_e+15_llenado_n120_dx10_pre0_b45,base,mastil,0.5,135,15,168.389,llenado,1.2,0.1,0,45,0,1.61,1.27,0.5,34.5,34.833333333333336,42.333333333333336,0.01982,0.9606,1.021,0.01605,9.666666666666666,24.833333333333332,1.712,3.143,0.004863,0.004502,1.701,pared x=0,0.46,,,800,0.0009824379203203417,0.7503,12689,56.469
base_mastil_z50_a+135_e-15_llenado_n120_dx10_pre0_b45,base,mastil,0.5,135,-15,168.389,llenado,1.2,0.1,0,45,0,1.61,1.27,0.5,33.5,36.666666666666664,44.166666666666664,0.01672,0.954,1.02,0.00984,12.333333333333334,25.333333333333332,2.855,2.741,0.01376,0.01371,1.701,pared x=0,0.424,1.09,0.201,800,0.0009824379203203417,0.7503,12689,55.686
base_mastil_z50_a+135_e-30_llenado_n120_dx10_pre0_b45,base,mastil,0.5,135,-30,168.389,llenado,1.2,0.1,0,45,0,1.61,1.27,0.5,34.833333333333336,37.833333333333336,68.66666666666667,0.01915,0.9478,1.025,0.01219,12.5,25.833333333333332,2.679,2.903,0.02668,0.02667,1,fondo,0.493,0.714,0.307,800,0.0009824379203203417,0.7503,12689,58.13
base_mastil_z50_a+135_e-60_llenado_n120_dx10_pre0_b45,base,mastil,0.5,135,-60,168.389,llenado,1.2,0.1,0,45,0,1.61,1.27,0.5,46.833333333333336,,,0.05012,0.8967,1.071,0.03513,9.333333333333334,31.833333333333332,1.918,4.632,0.04715,0.04715,0.577,fondo,0.668,0.469,0.468,800,0.0009824379203203417,0.7503,12959,59.061
base_mastil_z50_a+180_e-60_llenado_n120_dx10_pre0_b45,base,mastil,0.5,180,-60,213.389,llenado,1.2,0.1,0,45,0,1.61,1.27,0.5,80.33333333333333,,,0.06097,0.8902,1.094,0.04679,7.666666666666667,31.5,1.796,4.491,0.0404,0.0404,0.577,fondo,0.639,0.469,0.468,800,0.0009824379203203417,0.7503,12419,57.593
